,Feature,Coefficient,Surface
0,%1stServesIn,0.04508758719846926,Hard
1,%1stWon,0.14750158091383223,Hard
2,%2ndWon,0.10301848844486827,Hard
3,%1stServesIn,0.049480146503842345,Clay
4,%1stWon,0.15552756315256405,Clay
5,%2ndWon,0.10450666151443445,Clay
6,%1stServesIn,0.042309766363431735,Grass
7,%1stWon,0.15390672903858393,Grass
8,%2ndWon,0.10121525013004655,Grass
9,%1stServesIn,0.04072704206572932,Carpet
10,%1stWon,0.13691725449140052,Carpet
11,%2ndWon,0.0872668975003327,Carpet
